{
   "dashboards": [{
      "autoswitchEnabled": false,
      "columnCount": 1,
      "columnProportion": "1",
      "creationTime": 1565902561715,
      "dashboardNavigations": {},
      "description": "",
      "disabled": false,
      "gridsterMaxColumns": 12,
      "hidden": false,
      "homeTab": false,
      "id": "a468d9f1-581f-481b-bd3a-26001f289454",
      "importAttempts": 0,
      "importComplete": true,
      "isDefault": false,
      "locked": false,
      "name": "Server Expense Details",
      "rank": 91,
      "shared": false,
      "states": [],
      "temporary": false,
      "userId": "7ac7f730-ae98-403e-8b44-9de1d0c34056",
      "widgetInteractions": [
         {
            "type": "resourceId",
            "widgetIdProvider": "8a17a207-e5e3-46df-b397-6ff89e78a6ff",
            "widgetIdReceiver": "0dc7f299-f47a-4db7-8a5a-0046e729ce5d"
         },
         {
            "type": "resourceId",
            "widgetIdProvider": "8a17a207-e5e3-46df-b397-6ff89e78a6ff",
            "widgetIdReceiver": "cdae3b2e-c776-48a6-b344-93741c31f191"
         },
         {
            "type": "resourceId",
            "widgetIdProvider": "8a17a207-e5e3-46df-b397-6ff89e78a6ff",
            "widgetIdReceiver": "4c603b9b-dd8e-4160-9ff5-1b9d11929545"
         }
      ],
      "widgets": [
         {
            "collapsed": false,
            "config": {
               "chartViewItems": [],
               "isUpdatedView": true,
               "refreshContent": {"refreshContent": false},
               "refreshInterval": 300,
               "resource": {
                  "id": "Ext.vcops.chrome.model.Resource-1",
                  "resourceId": "resource:id:0_::_",
                  "resourceKindId": "002006VMWAREvSphere World",
                  "resourceName": "vSphere World",
                  "traversalSpecId": ""
               },
               "selectFirstRow": {"selectFirstRow": true},
               "selfProvider": {"selfProvider": true},
               "title": "Server Expense Details",
               "traversalSpecId": null,
               "viewDefinitionId": "82c80289-0f99-408f-ad4b-089b7b8a178e"
            },
            "gridsterCoords": {
               "h": 7,
               "w": 12,
               "x": 1,
               "y": 1
            },
            "height": 381,
            "id": "8a17a207-e5e3-46df-b397-6ff89e78a6ff",
            "title": "Server Expense Details",
            "type": "View"
         },
         {
            "collapsed": false,
            "config": {
               "boxColumns": 2,
               "boxHeight": null,
               "customFilter": {
                  "excludedResources": null,
                  "filter": [],
                  "includedResources": null
               },
               "depth": 1,
               "labelSize": 16,
               "maxCellCount": 100,
               "metric": {
                  "mode": "resourceKind",
                  "resourceKindMetrics": [
                     {
                        "colorMethod": 1,
                        "id": "extModel12302-1",
                        "isStringMetric": false,
                        "label": "Maintenance Total Cost",
                        "link": "",
                        "metricKey": "cost|maintenanceTotalCost",
                        "metricName": "Cost|Monthly Hardware Maintenance Total Cost",
                        "metricUnitId": -1,
                        "orangeBound": null,
                        "redBound": null,
                        "resourceKindId": "resourceKind:id:0_::_",
                        "resourceKindName": "Host System",
                        "unit": "Auto",
                        "yellowBound": null
                     },
                     {
                        "colorMethod": 1,
                        "id": "extModel12302-2",
                        "isStringMetric": false,
                        "label": "Host OP Labor Total Cost",
                        "link": "",
                        "metricKey": "cost|hostLaborTotalCost",
                        "metricName": "Cost|Monthly Host OS Labor Total Cost",
                        "metricUnitId": -1,
                        "orangeBound": null,
                        "redBound": null,
                        "resourceKindId": "resourceKind:id:0_::_",
                        "resourceKindName": "Host System",
                        "unit": "Auto",
                        "yellowBound": null
                     },
                     {
                        "colorMethod": 1,
                        "id": "extModel12302-3",
                        "isStringMetric": false,
                        "label": "Host OS License Total Cost",
                        "link": "",
                        "metricKey": "cost|hostOslTotalCost",
                        "metricName": "Cost|Monthly Host OS License Total Cost",
                        "metricUnitId": -1,
                        "orangeBound": null,
                        "redBound": null,
                        "resourceKindId": "resourceKind:id:0_::_",
                        "resourceKindName": "Host System",
                        "unit": "Auto",
                        "yellowBound": null
                     },
                     {
                        "colorMethod": 1,
                        "id": "extModel12302-4",
                        "isStringMetric": false,
                        "label": "Monthly Network Total Cost",
                        "link": "",
                        "metricKey": "cost|networkTotalCost",
                        "metricName": "Cost|Monthly Network Total Cost",
                        "metricUnitId": -1,
                        "orangeBound": null,
                        "redBound": null,
                        "resourceKindId": "resourceKind:id:0_::_",
                        "resourceKindName": "Host System",
                        "unit": "Auto",
                        "yellowBound": null
                     }
                  ],
                  "resourceMetrics": [],
                  "subMode": "resourceKindAll"
               },
               "mode": {"layoutMode": "fixedView"},
               "oldMetricValues": false,
               "periodLength": null,
               "refreshContent": {"refreshContent": false},
               "refreshInterval": 300,
               "relationshipMode": {"relationshipMode": 0},
               "resInteractionMode": null,
               "resource": [],
               "roundDecimals": null,
               "selfProvider": {"selfProvider": false},
               "showDT": {"showDT": false},
               "showMetricName": {"showMetricName": true},
               "showMetricUnit": {"showMetricUnit": true},
               "showResourceName": {"showResourceName": false},
               "showSparkline": {"showSparkline": false},
               "title": "Host OS, License and maintenance Cost",
               "valueSize": 24,
               "visualTheme": 6
            },
            "gridsterCoords": {
               "h": 6,
               "w": 4,
               "x": 1,
               "y": 8
            },
            "height": 325,
            "id": "0dc7f299-f47a-4db7-8a5a-0046e729ce5d",
            "title": "Host OS, License and maintenance Cost",
            "type": "Scoreboard"
         },
         {
            "collapsed": false,
            "config": {
               "boxColumns": 2,
               "boxHeight": null,
               "customFilter": {
                  "excludedResources": null,
                  "filter": [],
                  "includedResources": null
               },
               "depth": 1,
               "labelSize": 16,
               "maxCellCount": 100,
               "metric": {
                  "mode": "resourceKind",
                  "resourceKindMetrics": [
                     {
                        "colorMethod": 1,
                        "id": "extModel14515-1",
                        "isStringMetric": false,
                        "label": "Monthly Facilities Total Cost",
                        "link": "",
                        "metricKey": "cost|facilitiesTotalCost",
                        "metricName": "Cost|Monthly Facilities Total Cost",
                        "metricUnitId": -1,
                        "orangeBound": null,
                        "redBound": null,
                        "resourceKindId": "resourceKind:id:0_::_",
                        "resourceKindName": "Host System",
                        "unit": "Auto",
                        "yellowBound": null
                     },
                     {
                        "colorMethod": 1,
                        "id": "extModel14515-2",
                        "isStringMetric": false,
                        "label": "MTD Server Total Cost",
                        "link": "",
                        "metricKey": "cost|totalMTDCost",
                        "metricName": "Cost|MTD Server Total Cost",
                        "metricUnitId": -1,
                        "orangeBound": null,
                        "redBound": null,
                        "resourceKindId": "resourceKind:id:0_::_",
                        "resourceKindName": "Host System",
                        "unit": "Auto",
                        "yellowBound": null
                     },
                     {
                        "colorMethod": 1,
                        "id": "extModel14515-3",
                        "isStringMetric": false,
                        "label": "Monthly Server Full loaded Cost",
                        "link": "",
                        "metricKey": "cost|totalLoadedCost",
                        "metricName": "Cost|Monthly Server Fully Loaded Cost",
                        "metricUnitId": -1,
                        "orangeBound": null,
                        "redBound": null,
                        "resourceKindId": "resourceKind:id:0_::_",
                        "resourceKindName": "Host System",
                        "unit": "Auto",
                        "yellowBound": null
                     },
                     {
                        "colorMethod": 1,
                        "id": "extModel14515-4",
                        "isStringMetric": false,
                        "label": "Monthly Server Hardware Total Cost",
                        "link": "",
                        "metricKey": "cost|hardwareTotalCost",
                        "metricName": "Cost|Monthly Server Hardware Total Cost",
                        "metricUnitId": -1,
                        "orangeBound": null,
                        "redBound": null,
                        "resourceKindId": "resourceKind:id:0_::_",
                        "resourceKindName": "Host System",
                        "unit": "Auto",
                        "yellowBound": null
                     }
                  ],
                  "resourceMetrics": [],
                  "subMode": "resourceKindAll"
               },
               "mode": {"layoutMode": "fixedView"},
               "oldMetricValues": false,
               "periodLength": null,
               "refreshContent": {"refreshContent": false},
               "refreshInterval": 300,
               "relationshipMode": {"relationshipMode": 0},
               "resInteractionMode": null,
               "resource": [],
               "roundDecimals": 0,
               "selfProvider": {"selfProvider": false},
               "showDT": {"showDT": false},
               "showMetricName": {"showMetricName": true},
               "showMetricUnit": {"showMetricUnit": true},
               "showResourceName": {"showResourceName": false},
               "showSparkline": {"showSparkline": true},
               "title": "Host Facilities, Hardware and Total Cost",
               "valueSize": 24,
               "visualTheme": 6
            },
            "gridsterCoords": {
               "h": 6,
               "w": 4,
               "x": 5,
               "y": 8
            },
            "height": 325,
            "id": "cdae3b2e-c776-48a6-b344-93741c31f191",
            "title": "Host Facilities, Hardware and Total Cost",
            "type": "Scoreboard"
         },
         {
            "collapsed": false,
            "config": {
               "boxColumns": 2,
               "boxHeight": null,
               "customFilter": {
                  "excludedResources": null,
                  "filter": [],
                  "includedResources": null
               },
               "depth": 1,
               "labelSize": 16,
               "maxCellCount": 100,
               "metric": {
                  "mode": "resourceKind",
                  "resourceKindMetrics": [
                     {
                        "colorMethod": 1,
                        "id": "extModel17272-1",
                        "isStringMetric": false,
                        "label": "Number of VCPU",
                        "link": "",
                        "metricKey": "summary|number_running_vcpus",
                        "metricName": "Summary|Number of vCPUs on Powered On VMs",
                        "metricUnitId": null,
                        "orangeBound": null,
                        "redBound": null,
                        "resourceKindId": "resourceKind:id:0_::_",
                        "resourceKindName": "Host System",
                        "unit": null,
                        "yellowBound": null
                     },
                     {
                        "colorMethod": 1,
                        "id": "extModel17272-2",
                        "isStringMetric": false,
                        "label": "Total Capacity",
                        "link": "",
                        "metricKey": "mem|host_provisioned",
                        "metricName": "Memory|Total Capacity",
                        "metricUnitId": -1,
                        "orangeBound": null,
                        "redBound": null,
                        "resourceKindId": "resourceKind:id:0_::_",
                        "resourceKindName": "Host System",
                        "unit": "Auto",
                        "yellowBound": null
                     },
                     {
                        "colorMethod": 1,
                        "id": "extModel17272-3",
                        "isStringMetric": false,
                        "label": "Number of NICs",
                        "link": "",
                        "metricKey": "config|network|nnic",
                        "metricName": "Configuration|Network|Number of NICs",
                        "metricUnitId": null,
                        "orangeBound": null,
                        "redBound": null,
                        "resourceKindId": "resourceKind:id:0_::_",
                        "resourceKindName": "Host System",
                        "unit": null,
                        "yellowBound": null
                     },
                     {
                        "colorMethod": 1,
                        "id": "extModel17272-4",
                        "isStringMetric": false,
                        "label": "Number of Datastores",
                        "link": "",
                        "metricKey": "summary|total_number_datastores",
                        "metricName": "Summary|Total Number of Datastores",
                        "metricUnitId": null,
                        "orangeBound": null,
                        "redBound": null,
                        "resourceKindId": "resourceKind:id:0_::_",
                        "resourceKindName": "Host System",
                        "unit": null,
                        "yellowBound": null
                     }
                  ],
                  "resourceMetrics": [],
                  "subMode": "resourceKindAll"
               },
               "mode": {"layoutMode": "fixedView"},
               "oldMetricValues": false,
               "periodLength": null,
               "refreshContent": {"refreshContent": false},
               "refreshInterval": 300,
               "relationshipMode": {"relationshipMode": 0},
               "resInteractionMode": null,
               "resource": [],
               "roundDecimals": null,
               "selfProvider": {"selfProvider": false},
               "showDT": {"showDT": false},
               "showMetricName": {"showMetricName": true},
               "showMetricUnit": {"showMetricUnit": true},
               "showResourceName": {"showResourceName": false},
               "showSparkline": {"showSparkline": false},
               "title": "Host Hardware Info",
               "valueSize": 24,
               "visualTheme": 6
            },
            "gridsterCoords": {
               "h": 6,
               "w": 4,
               "x": 9,
               "y": 8
            },
            "height": 325,
            "id": "4c603b9b-dd8e-4160-9ff5-1b9d11929545",
            "title": "Host Hardware Info",
            "type": "Scoreboard"
         }
      ]
   }],
   "entries": {
      "resource": [{
         "adapterKindKey": "VMWARE",
         "identifiers": [],
         "internalId": "resource:id:0_::_",
         "name": "vSphere World",
         "resourceKindKey": "vSphere World"
      }],
      "resourceKind": [{
         "adapterKindKey": "VMWARE",
         "internalId": "resourceKind:id:0_::_",
         "resourceKindKey": "HostSystem"
      }]
   },
   "uuid": "33d49204-74d7-4e7e-af0c-b8faf1e7fe3d"
}